abate,awesome,away,aware,awake,awaits,avoid,avocado,average,avenue,avatar,available,autumn,auto,authority,australian,aura,aunt,august,audience,auction,attractive,attorney,attitude,attention,attack,atomic,atmosphere,athletic,asylum,astronaut,asthma,assume,associate,assistant,assault,aspirin,aspen,asleep,asks,asking,asked,aside,asia,ashtray,ashes,ashamed,ascension,asap,arts,artist,artery,arrogant,arrived,arrest,arranged,around,army,arms,armor,armed,armani,arise,argue
abdominal,awful,brush,brunch,bruises,brown,brought,brother,brooks,bronze,broke,brody,brochure,broad,brit,bring,brilliant,bright,brief,bride,brick,bribe,brian,brew,breeze,break,brawl,brave,brat,brass,brand,brakes,brain,brag,bracelet,bozo,boys,boyfriend,boxing,boxes,bowl,bowel,boutique,bourbon,bouquet,bound,boulevard,bought,bottom,both,botched,boss,bosom,borrow,born,boring,bored,border,booze,boots,boost,boone,boom,argon
abducted,awhile,brutal,comfortable,come,combination,coma,column,colonel,college,cold,cola,coke,coincidence,cognac,coffee,cody,code,cocoa,cocktail,cocaine,cobra,cobb,coat,coast,coal,coach,clutch,clumsy,clue,club,clown,cloud,clothes,close,clone,clock,cloak,clip,clinic,climb,cliff,client,click,clever,clerk,clear,clay,claws,clause,class,claro,clap,clan,clamp,claim,clad,civil,city,citizen,circumstances,cinnamon,book,argh
abetting,awkward,bubble,coming,died,dictate,dice,dibs,diary,diapers,diamond,dial,diagnosis,diabetes,devoted,devil,developed,devastated,detract,detour,detective,details,destroy,dessert,desperate,desk,desire,deserve,describe,deranged,deputy,depth,depressed,deposit,depends,department,deodorant,deny,dentist,dense,denial,demon,demise,demented,demand,delusional,delta,deliver,delgado,delete,delay,degree,defy,definitely,defense,deer,deep,deed,dedicated,decree,decorations,cinema,boogie,arena
abide,awright,bucks,common,diehard,epidemic,epic,envy,environment,envelope,entrance,entire,enthusiasm,enter,ensure,enrolled,enough,enormous,enlighten,enjoy,enhanced,engraved,engine,engaged,enforcement,energy,enemy,endure,ends,endless,ending,ended,endangered,encourage,enchantment,empty,employee,empire,emperor,emotional,emergency,embrace,embarrassed,email,elves,else,elope,elite,elise,eliminate,eligible,elevator,elephant,element,elegant,election,elders,elbow,elaborate,eject,declare,cinderella,bonus,area
ability,awww,buddy,company,dies,epiphany,foot,fool,food,fond,follow,folks,fold,focus,foam,flying,flyer,flute,flush,flunk,fluke,fluid,fluffy,flowers,flour,floss,florist,flop,floor,flock,floating,flirting,flip,fling,flimflam,flight,flies,flick,flexible,flew,fletcher,flesh,fleet,fled,flea,flaw,flavor,flat,flash,flare,flap,flannel,flames,flake,flair,flag,fixing,fixed,five,either,deck,cigarette,bono,arctic
able,azure,budget,comrade,diet,episode,forbid,grunt,grumpy,grudge,grub,grow,grove,ground,gross,groom,grocery,grip,grind,grim,grill,griffin,grief,grid,grey,grew,grenade,green,great,grazie,gray,grave,grateful,grass,grape,grand,grams,grain,graham,grade,grace,grab,gown,government,gourmet,gotta,gotcha,gossip,gospel,gosh,gorilla,gorgeous,gopher,goose,goons,goofy,good,gonorrhea,fitting,einstein,decided,cider,bonjour,architect
abnormal,babbling,buds,concerned,different,equal,force,guard,illusion,illness,iguana,ignore,ignition,idol,idle,idiot,identity,idea,icky,iced,iceberg,hysterical,hypocrite,hypnosis,hyper,hygiene,hutch,hustle,hush,husband,hurt,hurry,hurl,hunt,hunk,hunh,hungry,hundred,hunch,hump,humor,humming,humiliating,humble,human,hull,hugs,hugging,huge,huey,huddle,hubby,however,howdy,hovering,house,hours,gonna,fits,eight,decent,ciao,bong,arcade
aboard,babe,buenos,condition,digest,equipment,ford,guess,imagine,laid,lagging,lady,lads,ladies,ladder,lacquer,lack,lace,labs,labor,label,kraft,kosher,koji,knuckles,knox,knows,knot,knock,knob,knives,knit,knight,knife,knicks,knew,knees,knack,klutz,kitty,kite,kitchen,kiss,kirk,kippie,kinky,king,kind,kimberlite,kilos,kids,kidnapped,kidding,kick,keys,keyboard,hound,gong,fitness,eggs,decades,chute,bone,aquarium
abortion,babies,buff,cone,digging,erase,forever,guide,imitation,lair,mama,malt,mall,malicious,male,making,make,major,majesty,main,mail,maid,magnificent,magic,magazine,maestro,madonna,madness,madman,madly,made,madam,machine,mace,macaroni,lyrics,lynch,lying,luxury,lust,lurking,lure,lungs,lunch,lunatic,lump,lullaby,lula,luggage,ludicrous,lucky,loyal,lowlife,lower,loving,kettle,hottest,gone,fist,effort,debut,church,bond,aptitude
above,baby,bugging,confused,digital,erotic,forfeit,guilty,immature,lake,mamillary,mountain,motto,motorcycle,motion,mother,motel,most,moss,mosquito,moses,mortal,morphine,moron,morning,morgue,more,morbid,moral,moping,moot,moose,moon,mookie,mood,months,monster,monopoly,monkey,monitor,money,mona,moms,mommy,moment,mole,mold,mojo,module,model,mock,mocha,mobster,mobile,love,ketchup,hots,golly,fish,efficient,debt,chunk,bombard,apron
abroad,bachelor,bugs,congratulations,dignity,errands,forget,guinea,immediately,lamar,mammal,mourning,onboard,omigod,omen,omelet,olympic,olive,older,okey,okay,oink,ohhh,ogre,often,offshore,office,offer,odor,odds,oddly,octopus,ocean,occurred,occasion,obviously,obtained,obstruction,obsolete,obsessed,obscene,obnoxious,obligation,object,obey,oatmeal,oath,oasis,oarlock,nyah,nutty,nuts,nuthin,moaning,lousy,kept,hotline,golf,first,effect,debris,chump,bolt,appreciate
abrupt,back,building,conjure,digs,error,fork,guitar,immigration,lamb,manager,mouse,once,photo,phone,philosophy,phew,phenomenon,phase,pharmacy,phantom,petty,pets,petrified,petition,petals,pest,pesky,person,perp,permission,perks,perjury,period,perhaps,perfect,perez,percent,pepper,people,penthouse,pens,penny,penguin,penetrate,pending,pencil,penalty,pegged,peep,peel,peek,nurturing,mmmm,lounge,kegs,hotel,gold,firm,education,debate,chug,bold,appointment
absence,bacon,bulb,connection,dilemma,escape,form,gulf,immortal,lame,mandatory,mouth,ones,phrase,psycho,psst,prying,prudent,proxy,prove,proud,protect,prosecution,property,proof,pronounce,promise,project,program,professional,product,process,problem,prize,private,prison,priority,princess,prime,priest,pride,price,prey,prevent,pretty,president,prepared,preoccupied,premonition,preliminary,prejudice,peed,nurse,mmhmm,loud,keep,host,goes,firing,editor,death,chuck,boil,apple
absolutely,bacteria,bulk,conquer,dims,escort,forty,gullible,immune,lamp,maneuver,move,ongoing,physical,puberty,reptile,represent,report,replace,rephrase,repeat,repay,reopen,rent,renowned,renew,rendezvous,renaissance,remove,remind,remember,remain,rely,reluctant,relieved,release,relationship,rejected,reindeer,reign,rehearsal,rehab,regular,regret,register,regarding,refuse,refrigerator,reform,reflection,pregnant,pediatrics,nuns,mkay,lotta,keen,hospital,gods,fire,edgy,dear,chubby,bogus,appear
absurd,badge,bummed,consider,diner,especially,forum,gunfire,impact,lana,manhood,movie,onion,piano,public,reputation,satan,sassy,sark,sarge,sardine,sarcastic,sappy,santos,sank,sanity,sang,sane,sandwich,sample,same,salvage,salute,salt,salsa,salon,salmon,saliva,sale,salad,sake,saint,sail,said,sage,safe,sadness,sadly,sadistic,refill,prefer,pedestal,numerous,mixture,lots,keel,hose,godmother,fink,edge,dean,chronic,body,apparently
abuela,badly,bump,control,ding,espresso,forward,gunning,imperative,lance,manipulate,mower,online,pica,puck,request,satellite,shoot,shogun,shoes,shock,shirt,ship,shine,shift,shield,shhh,sheriff,shepherd,shenanigans,shelter,sheet,shed,shave,shattered,share,shape,shame,shall,shake,shag,shaft,shadow,shack,shabby,sexy,sexual,sexist,saddle,referring,predict,pedal,number,mixing,lotion,karma,horse,godfather,finish,eddy,deal,christening,bodies,apophis
abuse,bagel,bums,conversation,dining,essay,fossil,gunpoint,implying,land,mankind,much,only,pick,pudding,rescue,satisfied,shop,soft,sofa,sodium,soda,socks,social,soccer,sober,soap,soak,snuck,snow,snot,snore,snooping,snob,snitch,sniffing,snickers,sneeze,sneak,snatch,snap,snake,snag,snack,smug,smooth,smoke,sewing,sacrifice,reel,precious,peculiar,null,mixed,lost,karate,horrible,goat,finger,ecstatic,deaf,chow,bobo,apologize
academy,baggage,bunch,cook,dinner,essence,foster,guns,important,lane,manly,muck,onto,picnic,puerto,research,sauce,short,soil,stood,stone,stomach,stole,stokes,stock,stitches,stir,stippled,stink,stimulating,still,stiff,stick,stew,stereo,step,stench,stem,stein,steel,steal,stay,state,stashed,start,stand,smith,sewer,sack,reeks,preacher,peck,nuke,mitzvah,loss,kappa,horn,goal,fine,economy,deacon,chose,bobby,apocalypse
accept,bags,bundle,cool,dinosaur,estate,fought,gurney,impressed,language,manning,muddy,oooh,picture,puff,resist,sauerkraut,should,solar,stop,tame,tall,talk,talent,taking,take,tainted,tail,tahiti,tags,taggert,tactics,taco,tacky,tabs,table,tabby,system,syrup,syringe,synthetic,syndrome,sync,symptoms,symbol,stamp,smile,seven,sabotage,reef,pray,peas,nuisance,misunderstanding,losing,kangaroo,hormones,glue,find,echo,daytime,chores,boat,apiece
accident,bail,bung,cooperate,dios,esteem,foul,guts,impulse,lantern,manor,muffin,ooooh,piece,puke,resources,sauna,shove,sold,story,tampered,toddy,today,tobacco,toast,toad,title,titan,tissue,tired,tips,tipped,tiny,tiniest,timing,time,tilt,till,tile,tight,tiger,ties,tied,tidy,swung,stalking,smell,setup,ruthless,reed,prank,pearl,nudity,mistake,lose,juvenile,horizon,glow,finch,echelon,days,chop,board,apes
according,bain,bunk,coordinates,diplomatic,estimate,found,gutter,inability,laps,mansion,mugged,oops,pierce,pull,respect,sausage,show,sole,stove,tango,toenails,tulsa,tuition,tuck,tube,trying,truth,trust,trunk,trump,truly,true,truck,trouble,trophy,troops,troll,trivial,triumph,trip,trim,trigger,tide,swore,stake,smear,settle,rusty,reduced,praise,peanut,nudge,miss,lord,justice,hopping,gloves,finally,eccentric,daylight,choose,blushing,apartment
accused,bait,bunny,cope,dipping,eternity,four,guys,inappropriate,laptop,manticore,mule,opal,pies,pulp,rest,savage,shred,solid,straight,tank,toes,tummy,unnecessary,unnatural,unlucky,unlock,unlike,unless,unknown,universe,united,unique,union,uninvited,uniform,unidentified,unicorn,unholy,unhealthy,unhappy,ungrateful,tried,tickets,swoop,stairs,smashed,sets,rush,reds,practice,peak,nude,misplaced,loose,jury,hoping,gloss,filthy,eavesdropping,dawn,cholesterol,blur,anyway
aces,baker,buns,copies,director,ethics,fovea,gypsy,incapable,large,manual,multiple,open,pigeon,pulse,results,save,shrink,solo,street,tape,together,tumor,unorthodox,vecchio,veal,vault,vatican,vast,vase,varsity,various,vanquish,vanished,vandalism,vampire,valve,value,valley,valid,valentine,unfortunately,trick,tiara,swollen,stage,smart,setback,ruse,redhead,power,peace,nuclear,misjudged,loop,jurisdiction,hope,glory,film,eats,daughter,choke,blunt,anything
ache,baking,burden,copper,dirk,etiquette,foxy,habit,incentive,lark,many,mummy,operation,piggy,pumpkin,retail,saving,shroud,solution,strike,taping,toilet,tuna,unpack,veer,vomit,volunteer,volt,vole,volcano,volatile,voila,void,voice,vodka,vocabulary,vivid,vital,visual,vista,vain,unfinished,tribe,thus,switch,staff,small,session,runway,redemption,powder,pays,nowhere,misguided,loony,junk,hoot,gloom,fill,eating,dating,choice,bluffing,anyplace
achieve,balance,bureau,cops,dirty,eulogy,foyer,hack,inch,laser,maple,mural,opinion,pigs,punch,rethink,savor,shrunk,solve,strong,tapped,token,tune,unpleasant,vegetable,voodoo,weaver,weather,weasel,wear,wealthy,weak,ways,waving,wave,water,watch,waste,wash,visit,vague,unfair,trial,thunder,swing,stadium,smack,service,runs,recruiting,poverty,payroll,nowadays,miserable,look,junior,hooray,global,filing,eaten,date,chocolate,blue,anyone
acid,balcony,burger,copy,disappeared,euphemism,fracture,hades,incident,lashing,maps,muscle,opium,pike,punishment,retired,savvy,shuffle,something,struck,target,told,tunnel,unpredictable,vehicle,vortex,website,whore,whoo,whom,whole,whoever,whoa,whiz,white,whistle,whip,whining,wary,visa,vacuum,unexpected,trey,thumb,swim,stack,slumber,serum,running,record,pour,payoff,novel,miscarriage,long,jungle,hoops,gloat,file,easy,data,chit,blow,anymore
acknowledge,bald,buried,coral,discuss,evacuate,fragile,haha,including,last,marathon,museum,opportunity,pile,punk,retreat,sawyer,shush,song,stubborn,tart,tolerate,turbo,unreasonable,veil,vote,wedding,whose,woman,wolves,wolf,woke,woah,wizard,wives,witty,wits,whim,wart,virus,vaccine,unethical,trespassing,thug,swift,stable,slug,sermon,rune,reclaim,pounds,payment,notorious,mirror,lonely,jump,hook,glitch,figure,east,dash,chip,blouse,anyhow
acquainted,ball,burn,cord,disease,evaluation,fraid,hail,income,later,marble,mushrooms,options,pilgrim,pupils,return,saying,shut,sonny,stuck,task,toll,turf,unseen,veins,voting,wedge,wicked,womb,wretched,wrestling,wrench,wreck,wreak,wrath,wrap,witness,while,wars,virtue,vacation,unemployed,trench,thrust,swept,squirrel,slow,serious,runaway,reckless,potter,paying,notice,miracle,lollipop,jumbo,hood,glimpse,fight,easier,dart,china,blossom,anybody
acres,baloney,burrito,core,disgusting,even,frame,hair,incredible,latte,march,music,oracle,pills,puppy,reunion,says,sibling,sonofabitch,study,taste,tomato,turkey,unsolved,velvet,vouch,weed,wide,women,wrinkle,yogurt,yoga,yikes,yield,yesterday,wound,without,whiff,warrant,virgin,uvula,uneasy,tremendous,through,swell,squeeze,slot,sergeant,rumor,recipe,potion,payday,nothing,minute,logs,jukebox,honor,glen,fifty,ease,darryl,chimney,blood,anxious
across,banana,burst,cork,dish,ever,frankly,half,indeed,laugh,mare,must,oral,pilot,purchase,revenge,scale,sick,sons,stuff,tattoo,tomb,turmoil,unspeakable,vendetta,vous,week,widow,wonderful,wrist,young,zipper,zillion,ziggy,yessir,would,witch,which,warped,viral,utterly,undressed,trek,thrilled,sweet,square,sloppy,serenity,ruling,recently,potential,paycheck,note,mint,logical,juice,honey,glazed,fierce,earth,darn,child,blonde,ants
acted,band,bury,corleone,disk,evicted,frass,hall,indian,laundry,margin,mutant,orange,pinch,pure,review,scam,side,soon,stumbled,taught,tomorrow,turn,unstable,vengeance,vowed,weenie,wife,wonk,write,yourself,zombie,zurich,zeta,yelling,worth,wish,whew,warning,viper,utmost,undo,tree,three,swear,spying,slob,sera,rules,recall,potato,payback,notch,minor,loft,juggling,homicide,glass,fiend,ears,darling,chief,bloke,anton
acting,bane,buses,corner,dislike,evidence,fraternity,halo,industry,lava,marina,mute,orbit,pine,purity,revolution,scan,siding,sooo,stunt,taunting,tone,turtle,unthinkable,venice,vows,weep,wiggle,wont,wrong,youse,zone,zoom,zero,years,worse,wise,whether,warm,vintage,utility,understand,treat,thought,sway,spur,slit,sequence,ruin,rebuild,post,paws,nosy,mink,lodge,judge,home,glance,field,earrings,dark,chicken,block,anti
actor,bang,bush,coroner,dismissed,evil,fraud,halt,indy,lawfully,mark,mutt,orchestra,ping,purpose,reward,scared,sight,soothing,stupid,taxes,tongue,tussle,until,vent,voyage,weight,wild,woods,wrote,youth,yuck,yummy,zeal,yawn,worry,wisdom,where,warlock,vinegar,uterus,uncomfortable,tray,those,swat,spun,slip,separate,rude,rebound,possible,pawn,nostrils,minister,locked,jubilant,holy,glamorous,fidelity,earned,daria,chez,blizzard,ante
actress,banished,business,corporate,disney,evolution,freak,hamburger,inevitable,lawn,married,mutual,order,pining,purse,rewind,scattered,sigma,sophisticated,style,taxi,tonight,tutor,unto,venus,vulgar,weird,wilhelm,woof,wuss,yacht,yada,yahoo,yankee,yard,worn,wiring,when,warfare,vindictive,usually,uncle,travel,thorough,swap,sprung,sling,sent,rubber,rebel,position,pause,nose,mingle,local,joyous,holly,glad,fiddle,early,dare,chew,bliss,answer
acts,bank,bust,correct,disorder,ewww,free,hamlet,infant,laws,marshal,myers,ordinary,pink,push,rewrite,scene,sign,sordid,subconscious,taxpayers,tons,tuxedo,untrue,verbal,vulnerable,welcome,will,woohoo,wool,woozy,word,wore,work,world,worm,wire,wheel,warehouse,village,using,uncertain,trauma,thirty,swan,spring,slim,sense,royal,reason,pose,pattern,north,mine,lobster,journey,holiday,giving,fiction,eagle,darcy,chevron,blind,another
actually,banner,busy,cosmetics,display,exactly,freight,hammer,infection,lawyer,martini,myrtle,organization,pinned,puts,rhetorical,schedule,silent,sore,subid,teach,took,twelve,unusual,verdict,vultures,welfare,wimp,window,wine,wings,wink,winning,wins,winter,wipe,wiping,wheat,ward,vile,usher,uncanny,trash,thing,swamp,spread,slightly,señor,routine,rear,port,patsy,normal,mind,lobby,jolly,hole,give,fiber,eager,danish,chest,blew,anonymous
acute,banquet,butler,cost,disrespect,exaggerating,frenzy,hamster,infinite,layer,marvelous,myself,orientation,pinpoint,putting,rhino,schmuck,silk,sorority,subject,team,tool,twenty,unwanted,verge,wacky,wells,wench,went,were,west,wetter,whack,whaddya,whale,wham,wharf,whatever,wanted,vigilante,uses,unborn,trapped,thighs,swallow,spray,slide,senor,round,reap,pork,patrol,nope,million,loathe,joking,hold,girl,fiasco,each,dangerous,cherry,bless,annulment
adamant,banter,buts,cottage,dissolve,example,frequency,hand,influence,laying,masculine,mystery,original,pins,puzzle,rhyme,school,silly,sorry,submit,tear,tooth,twice,unwind,verify,waffles,wage,wagging,wagon,waist,wait,wake,waking,walk,wall,walnut,waltz,wandering,wanna,view,user,unbelievable,transfer,thief,sustained,spouse,slice,senior,rough,really,porch,patient,nooo,milk,loan,joke,hola,ginormous,fiancée,dysfunctional,dandy,cheque,blend,annoying
added,baptism,butt,couch,distance,except,fresh,hang,information,layout,mash,myth,orphan,pint,pyramid,rhythm,science,silver,sort,subpoena,teasing,topic,twig,upcoming,vermin,veronica,version,very,vessel,vest,veteran,veto,viable,vial,vibe,vice,vicious,victor,video,vienna,useless,unaware,tramp,thick,suspect,spot,slept,send,rotten,ready,popular,pathetic,noon,military,loaf,join,hockey,ginger,fewer,dynamite,dance,chemistry,bleeding,annie
addition,barb,buyer,cough,ditch,exchange,friction,hankey,ingredients,lays,mask,nachos,ostrich,piper,quack,ribbon,scissors,similar,sought,substitute,technically,topless,twilight,update,upfront,upgrade,uphold,upon,upper,upright,upset,upside,upstairs,uptight,uptown,uranium,urban,urgent,urine,used,useful,unavailable,train,they,sushi,sports,sleigh,senator,rotation,reach,pops,paternity,noodle,miles,load,john,hobby,gimme,fever,dying,damp,chef,bled,annabelle
address,barely,buying,could,ditto,excited,fridge,happened,inheritance,lazy,mason,nada,other,pirate,quaint,ribs,sclera,simple,soul,subtle,teddy,topolsky,twins,twisted,twit,tying,type,typical,ugly,uhhh,ulcer,ulterior,ultimate,ultrasound,umbrella,ummm,unable,unacceptable,unanimous,unarmed,unattractive,unauthorized,tragedy,these,survive,spoon,sleep,semi,rosy,razor,popped,patch,nonsense,mild,lizard,jogging,hoax,gill,fetus,dwell,damn,cheese,bleach,ankle
adds,barf,buys,country,diva,exclusive,friend,harassment,initiative,lead,mass,nagging,ouch,pistol,quake,rice,scoop,since,sounds,suburban,tedious,tops,torch,tore,torment,torn,torture,tory,toss,totally,toto,touch,tough,tour,towards,towel,town,toxic,toying,toys,track,trade,traffic,there,surrounded,sponge,sled,semester,roster,rays,pope,past,none,mijo,living,jody,hmph,gilbert,fetch,dwarf,dammit,check,blaze,animal
adenoid,bargain,buzz,couple,dive,excruciating,frightened,harbor,injection,leaf,master,nail,ought,pitch,quality,rich,scope,single,soup,subway,teenager,teeth,television,tell,temporary,tenants,tend,tennis,tense,tent,tequila,term,terrible,test,text,thank,thaw,theater,thee,theft,their,them,then,theory,surprise,spoke,sleazy,sell,rose,raving,popcorn,pass,nominated,mija,live,jock,hmmm,gigantic,fetal,duty,dame,cheap,blast,angst
adequate,bark,byes,course,division,excuse,fringe,hard,injury,league,match,naive,ounce,pitiful,quantum,riddle,score,sinister,source,success,such,suck,suction,suddenly,sued,suffering,sugar,suggest,suing,suit,sultan,summer,sundae,sunglasses,sunk,sunlight,sunny,sunrise,sunset,super,supposed,supreme,sure,surface,surgery,spoil,slayer,self,rope,rave,poor,part,nolan,migraine,little,jobs,hiya,gift,festival,duties,damage,chauffeur,blanket,angry
adios,barn,bygones,cousin,divorce,executive,frog,harmony,inmates,leak,mate,name,ourselves,pits,quarter,ride,scotch,sink,south,souvenir,soviet,space,spades,spaghetti,span,spare,spatula,spawn,speak,special,speech,spell,spend,sperm,sphere,spicy,spider,spies,spike,spill,spin,spirit,spit,splash,splendid,split,slaughter,selection,root,rattle,poop,parrish,noise,might,literally,jitters,hives,giddy,fertility,dutch,dale,chat,blame,angle
adjourned,barrel,bypass,couture,dizzy,exercise,from,harness,inner,lean,math,naming,outa,pity,queen,ridge,scout,sinned,sins,sipping,sire,sirs,sissy,sister,site,sits,sitting,situation,sixty,size,skating,skeleton,skeptical,sketch,skies,skiing,skills,skin,skip,skirt,skull,skunk,slack,slam,slap,slash,slat,seldom,rooster,rats,pool,parole,nods,midwest,listen,jinx,hitting,giant,ferry,dust,daisy,chase,blah,angel
adjust,bars,byte,covalent,docks,exhausted,front,harp,innocent,leap,mating,nana,outcome,pizza,question,ridiculous,scratch,screw,script,scroll,scrub,scuba,scudder,sculpture,scum,scuse,seaborn,seafood,sealed,seams,search,season,seat,second,secret,section,security,sedative,seduce,seed,seeing,seek,seems,seen,seer,sees,segment,seize,room,rational,pookie,parlor,nobody,midterm,lisa,jingle,hits,ghoul,fend,during,dairy,charity,blade,anesthesia
admit,bartender,cabbage,cover,doctor,exhibit,frost,harsh,input,learn,matrimony,nanites,outdoors,place,quick,rigged,rights,riled,ring,rink,rinse,riot,ripe,ripped,rips,rise,rising,risk,ritual,rival,river,roach,road,roaming,roar,roast,robbery,robe,robin,robot,rock,rode,roger,rogue,role,roll,romantic,roof,rookie,rather,poof,park,noble,midst,liquor,jimmy,hitch,ghost,fence,duplicate,daily,chapter,bizarre,anemia
adolescent,based,cabin,coward,document,exist,frown,hart,inquiry,least,matter,nanny,outer,plague,quid,quiet,quilt,quite,quiz,quote,rabbit,rabies,race,racing,rack,radar,radio,raft,rage,raging,rags,raid,railroad,rain,raise,rally,rambling,ramp,ranch,random,range,rank,ransom,ranting,raoul,rape,rapid,rare,rash,rate,poodle,parish,nipples,midnight,lips,jimbo,history,getting,feminine,dunno,dahlia,chaos,bitter,ancient
adopted,bash,cable,cowboy,dodge,exit,frozen,harvest,insane,leather,mature,napkin,outfit,plain,plan,plaque,plastic,plate,plausible,play,plaza,please,pledge,plenty,plot,ploy,plug,plumbing,plunge,plus,plutonium,pneumonia,pocket,pods,poem,poetry,point,poison,poker,poking,polar,pole,police,polls,polo,polygraph,pompous,pond,pong,ponies,pony,parents,ninth,midget,lion,jewelry,hiring,gets,female,dunk,dagger,chance,bits,anchor
adorable,basically,cabs,cows,does,exotic,fruit,hash,insecure,leave,mausoleum,napoleon,outlet,outrageous,outside,outta,oval,oven,over,owed,owes,owner,owning,owns,oxygen,oysters,pace,pack,pact,paddle,pads,page,paging,paid,pain,pair,pajamas,palace,pale,palm,pals,pancakes,panda,panel,panic,pans,pants,papa,paper,pappy,paranoid,pardon,nino,middle,link,jets,hired,getaway,felt,dungeon,dads,champagne,biting,ancestors
adrenaline,basketball,caddy,cozy,doggie,expand,frustrated,hassle,inside,lecture,maximum,narcotics,narrow,nasa,nasty,national,natural,naughty,nauseous,naval,navigate,navy,near,neat,necessary,neck,need,negative,neglected,negotiate,negro,neighborhood,neither,nell,nephew,nerd,nervous,nest,network,neurotic,neutral,never,newbie,newest,newly,news,next,nice,nick,niece,nigger,night,nine,microwave,lining,jersey,hips,gesture,fell,dump,daddy,challenge,bite,anatomy
adult,bass,cadet,crab,dogs,expect,fucose,hasty,insomnia,ledge,maxwell,maybe,mayday,mayhem,mayor,maze,meadows,meal,mean,measure,meat,mechanic,medal,meddling,medical,meds,meet,mega,mein,mellow,melodramatic,melt,member,memory,menace,mend,meningitis,mention,menu,meow,mercy,merely,merger,merit,merlot,mermaid,merry,message,metal,meter,method,mets,mice,mickey,ling,jerk,hippie,germs,felicity,dummy,cynical,chair,bishop,analysis
advantage,bastard,caesarian,crack,doing,expired,fudge,hatch,inspector,leech,leery,left,legal,legend,legged,legitimate,legs,leisure,lemme,lemon,lend,length,lens,lent,leon,leopard,less,lethal,lets,letting,leukemia,level,liability,liaison,liar,liberty,library,license,lick,lied,lies,lieutenant,life,lift,light,likes,liking,lilly,lilo,limb,lime,limits,limo,limp,line,jeremiad,hint,geography,feisty,dumb,cycle,chad,biscuits,amusing
adventure,batch,cafeteria,cradle,dokey,explain,fuel,hate,instead,insurance,intact,interested,intimate,into,introduce,intuition,invasion,investigation,invited,involved,ionic,iota,iris,iron,irrational,irresponsible,irritating,island,isolated,issue,itch,item,itinerary,itself,ivory,jabez,jabot,jack,jacuzzi,jade,jaguar,jail,jamaica,jammed,janitor,japan,jasmine,jaws,jaye,jazz,jealous,jeans,jeep,jeez,jelly,jeopardize,hinky,genuine,feet,duly,cutting,cetera,birthday,amulet
advice,bathroom,caffeine,craft,dole,exposed,fugitive,hath,hating,hats,haul,haunted,haven,having,havoc,hawk,hazard,hazel,head,health,heap,hear,heat,heaven,heck,hector,heed,heels,height,heir,heist,held,helicopter,hell,helmet,help,hence,hepatitis,herald,herb,herd,hereby,heritage,hero,herr,herself,hesitate,hicks,hidden,hide,hiding,high,hike,hiking,hilarious,hill,himself,gentlemen,fees,dull,cuts,certainly,bird,ample
advocate,bats,cage,cramp,dollars,express,fulfill,full,fumes,function,fund,funeral,fungus,funky,funny,furious,furniture,furry,further,fury,fuse,fusion,fuss,future,fuzzy,gabby,gage,gain,galaxy,gale,gallery,gals,gamble,game,gamma,gandhi,gaps,garage,garbage,garden,garlic,garrison,gasoline,gasp,gate,gather,gauge,gave,gazebo,gear,geek,geez,geisha,gekko,gemini,gender,general,genius,feel,duke,cutie,ceremony,biopsy,amount
aerobics,battle,cake,crane,dolphins,exquisite,extend,extinct,extortion,extra,eyeballs,eyed,eyes,eyewitness,fabric,fabulous,face,facing,fact,faculty,fade,fading,failed,faint,fair,faith,fajita,fake,faking,fall,fame,family,famous,fancy,fangs,fanny,fans,fantastic,farce,farewell,farm,farther,fascinating,fashion,fast,fatal,fate,father,fault,faux,favor,faxed,fear,feast,feature,feces,federal,feds,feed,dude,cute,cephalic,biological,among
affair,bawl,calculations,crap,domain,domestic,donation,done,dong,donkey,donor,dont,donuts,doodle,doofus,doomed,door,dope,dork,dorm,dory,dosage,dose,dots,doubt,doucette,dough,dove,down,dozen,draft,drag,drain,drama,drank,drapes,drastic,draw,dream,dreidel,dress,drew,dried,drift,drill,drink,drip,drive,drooling,drop,drove,drowning,drug,drum,drunk,dryer,drying,duchess,duck,duct,custody,center,binoculars,amnesia
affect,beach,calendar,crash,crate,craving,crawl,crazy,cream,credit,creep,cremated,crest,crew,crib,cricket,cried,crime,crisis,critical,crock,crooked,crop,cross,crowd,crucial,crude,cruel,cruise,crummy,crunch,crush,crying,crypt,crystal,cuban,cube,cubicle,cubs,cuckoo,cucumber,cuddy,cues,cuff,cuisine,culture,cunning,cupboard,cupcake,cupid,cups,curb,cure,curfew,curious,curl,current,curse,curtain,curve,cushion,cemetery,bingo,ammunition
affirmative,beads,calf,caliber,call,calm,calories,cambias,came,camp,canal,cancer,candy,cane,cannot,canoe,cans,canvas,canyon,capable,capeside,capital,cappuccino,capricorn,caps,captain,carbon,card,care,cargo,caring,carnival,carol,carpet,carry,cars,carver,casa,cascade,case,cash,casino,casket,cassandra,cast,casual,catalog,catch,category,cats,cattle,caught,cause,caution,cavalry,cave,caviar,cease,cedar,ceiling,celebrate,cell,bind,ammo
afford,beam,beans,bear,beast,beat,beautiful,beaver,because,become,bedford,bedroom,beds,bedtime,beef,been,beep,beer,bees,beethoven,before,began,begging,beginning,begs,begun,behavior,behind,behold,being,bela,believe,belle,belong,belt,bench,bend,benefit,benign,benji,bent,berries,bert,besides,best,beta,betcha,bethany,betrayed,bets,better,between,beverage,beware,beyond,bible,bicycle,bidding,bien,bigger,bike,bikini,bill,amigo
afraid,after,again,aged,agent,ages,aggressive,aging,agitated,agony,agree,ahead,ahem,ahhh,ahold,aide,aiding,aids,aimed,aiming,airborne,aircraft,airline,airport,aisle,akin,alarm,alas,album,alcohol,alert,algebra,alias,alibi,alien,alike,alimony,alive,alley,alliance,allow,ally,almighty,almost,alone,alpha,already,alright,also,altar,alternative,although,altitude,altogether,alumni,alvarez,always,amateur,amazing,ambassador,ambition,ambrosia,ambulance,amen
